arm,seed,best_accuracy,final_accuracy,best_round,training_bytes,production_bytes,training_adapter_bytes,training_head_bytes,training_metadata_bytes,total_steps,total_examples,probe_examples,rank_example_products,mean_final_rank,path
declora16,42,94.61009174311927,94.61009174311927,20,1892978000,2011288894,943718400,947408000,1851600,42200,1350400,0,21606400,16.0,/home/gogoi/ahlora-quantity-20260917/runs/full-v1-quantity-declora16-seed42
declora16,43,94.4954128440367,94.38073394495413,19,1892978000,2011288894,943718400,947408000,1851600,42200,1350400,0,21606400,16.0,/home/gogoi/ahlora-quantity-20260917/runs/full-v1-quantity-declora16-seed43
declora16,44,94.72477064220183,94.61009174311927,18,1892978000,2011288894,943718400,947408000,1851600,42200,1350400,0,21606400,16.0,/home/gogoi/ahlora-quantity-20260917/runs/full-v1-quantity-declora16-seed44
declora16,45,94.15137614678899,93.92201834862385,10,1892978000,2011288894,943718400,947408000,1851600,42200,1350400,0,21606400,16.0,/home/gogoi/ahlora-quantity-20260917/runs/full-v1-quantity-declora16-seed45
declora16,46,94.72477064220183,94.72477064220183,19,1892978000,2011288894,943718400,947408000,1851600,42200,1350400,0,21606400,16.0,/home/gogoi/ahlora-quantity-20260917/runs/full-v1-quantity-declora16-seed46
declora4,42,94.83944954128441,94.38073394495413,19,1185160400,1259232694,235929600,947408000,1822800,42200,1350400,0,5401600,4.0,/home/gogoi/ahlora-quantity-20260917/runs/full-v1-quantity-declora4-seed42
declora4,43,94.26605504587155,94.26605504587155,20,1185160400,1259232694,235929600,947408000,1822800,42200,1350400,0,5401600,4.0,/home/gogoi/ahlora-quantity-20260917/runs/full-v1-quantity-declora4-seed43
declora4,44,94.03669724770643,93.69266055045871,19,1185160400,1259232694,235929600,947408000,1822800,42200,1350400,0,5401600,4.0,/home/gogoi/ahlora-quantity-20260917/runs/full-v1-quantity-declora4-seed44
declora4,45,94.72477064220183,94.72477064220183,10,1185160400,1259232694,235929600,947408000,1822800,42200,1350400,0,5401600,4.0,/home/gogoi/ahlora-quantity-20260917/runs/full-v1-quantity-declora4-seed45
declora4,46,94.61009174311927,94.26605504587155,19,1185160400,1259232694,235929600,947408000,1822800,42200,1350400,0,5401600,4.0,/home/gogoi/ahlora-quantity-20260917/runs/full-v1-quantity-declora4-seed46
product16_sample,42,94.72477064220183,94.26605504587155,16,1892978160,2011289454,943718400,947408000,1851760,42200,1350400,0,21606400,16.0,/home/gogoi/ahlora-quantity-20260917/runs/full-v1-quantity-product16_sample-seed42
product16_sample,43,94.83944954128441,94.4954128440367,18,1892978160,2011289454,943718400,947408000,1851760,42200,1350400,0,21606400,16.0,/home/gogoi/ahlora-quantity-20260917/runs/full-v1-quantity-product16_sample-seed43
product16_sample,44,94.4954128440367,94.15137614678899,18,1892978160,2011289454,943718400,947408000,1851760,42200,1350400,0,21606400,16.0,/home/gogoi/ahlora-quantity-20260917/runs/full-v1-quantity-product16_sample-seed44
product16_sample,45,94.95412844036697,94.72477064220183,13,1892978140,2011289434,943718400,947408000,1851740,42200,1350400,0,21606400,16.0,/home/gogoi/ahlora-quantity-20260917/runs/full-v1-quantity-product16_sample-seed45
product16_sample,46,94.61009174311927,94.4954128440367,15,1892978200,2011289494,943718400,947408000,1851800,42200,1350400,0,21606400,16.0,/home/gogoi/ahlora-quantity-20260917/runs/full-v1-quantity-product16_sample-seed46
fixed_uniform,42,94.83944954128441,94.72477064220183,6,1468284560,1558872430,519045120,947408000,1831440,42200,1350400,0,11883520,8.8,/home/gogoi/ahlora-quantity-20260917/runs/full-v1-quantity-fixed_uniform-seed42
fixed_uniform,43,94.26605504587155,94.26605504587155,20,1468284560,1558872430,519045120,947408000,1831440,42200,1350400,0,11883520,8.8,/home/gogoi/ahlora-quantity-20260917/runs/full-v1-quantity-fixed_uniform-seed43
fixed_uniform,44,94.4954128440367,93.92201834862385,14,1468284560,1553563870,519045120,947408000,1831440,42200,1350400,0,11883520,8.8,/home/gogoi/ahlora-quantity-20260917/runs/full-v1-quantity-fixed_uniform-seed44
fixed_uniform,45,94.72477064220183,94.03669724770643,13,1468284560,1551794254,519045120,947408000,1831440,42200,1350400,0,11883520,8.8,/home/gogoi/ahlora-quantity-20260917/runs/full-v1-quantity-fixed_uniform-seed45
fixed_uniform,46,94.26605504587155,94.03669724770643,19,1468284560,1557102814,519045120,947408000,1831440,42200,1350400,0,11883520,8.8,/home/gogoi/ahlora-quantity-20260917/runs/full-v1-quantity-fixed_uniform-seed46
fixed_sample,42,94.61009174311927,94.4954128440367,19,1468284720,1558872990,519045120,947408000,1831600,42200,1350400,0,11883520,8.8,/home/gogoi/ahlora-quantity-20260917/runs/full-v1-quantity-fixed_sample-seed42
fixed_sample,43,94.38073394495413,94.38073394495413,11,1468284720,1558872990,519045120,947408000,1831600,42200,1350400,0,11883520,8.8,/home/gogoi/ahlora-quantity-20260917/runs/full-v1-quantity-fixed_sample-seed43
fixed_sample,44,94.38073394495413,94.26605504587155,16,1468284720,1553564430,519045120,947408000,1831600,42200,1350400,0,11883520,8.8,/home/gogoi/ahlora-quantity-20260917/runs/full-v1-quantity-fixed_sample-seed44
fixed_sample,45,94.38073394495413,94.03669724770643,9,1468284700,1551794794,519045120,947408000,1831580,42200,1350400,0,11883520,8.8,/home/gogoi/ahlora-quantity-20260917/runs/full-v1-quantity-fixed_sample-seed45
fixed_sample,46,94.26605504587155,93.92201834862385,19,1468284760,1557103414,519045120,947408000,1831640,42200,1350400,0,11883520,8.8,/home/gogoi/ahlora-quantity-20260917/runs/full-v1-quantity-fixed_sample-seed46
adaptive_uniform,42,94.26605504587155,93.11926605504587,6,1323179504,1406393926,373948416,947408000,1823088,42200,1350400,12800,8561536,6.2,/home/gogoi/ahlora-quantity-20260917/runs/full-v1-quantity-adaptive_uniform-seed42
adaptive_uniform,43,94.15137614678899,94.15137614678899,20,1291326800,1370117398,342097920,947408000,1820880,42200,1350400,12800,7832320,5.8,/home/gogoi/ahlora-quantity-20260917/runs/full-v1-quantity-adaptive_uniform-seed43
adaptive_uniform,44,94.26605504587155,93.92201834862385,8,1275400160,1351241350,326172672,947408000,1819488,42200,1350400,12800,7467712,5.8,/home/gogoi/ahlora-quantity-20260917/runs/full-v1-quantity-adaptive_uniform-seed44
adaptive_uniform,45,94.38073394495413,94.38073394495413,20,1296045632,1369822606,346816512,947408000,1821120,42200,1350400,12800,7940352,5.2,/home/gogoi/ahlora-quantity-20260917/runs/full-v1-quantity-adaptive_uniform-seed45
adaptive_uniform,46,93.80733944954129,93.46330275229357,15,1291916288,1366578022,342687744,947408000,1820544,42200,1350400,12800,7845824,5.4,/home/gogoi/ahlora-quantity-20260917/runs/full-v1-quantity-adaptive_uniform-seed46
adaptive_sample,42,94.4954128440367,94.15137614678899,14,1290735840,1371591198,341508096,947408000,1819744,42200,1350400,12800,7818816,5.6,/home/gogoi/ahlora-quantity-20260917/runs/full-v1-quantity-adaptive_sample-seed42
adaptive_sample,43,93.92201834862385,93.69266055045871,11,1299584880,1376901294,350355456,947408000,1821424,42200,1350400,12800,8021376,5.0,/home/gogoi/ahlora-quantity-20260917/runs/full-v1-quantity-adaptive_sample-seed43
adaptive_sample,44,94.38073394495413,94.03669724770643,16,1286017776,1360679670,336789504,947408000,1820272,42200,1350400,12800,7710784,5.2,/home/gogoi/ahlora-quantity-20260917/runs/full-v1-quantity-adaptive_sample-seed44
adaptive_sample,45,94.38073394495413,93.80733944954129,11,1291916956,1366578826,342687744,947408000,1821212,42200,1350400,12800,7845824,5.4,/home/gogoi/ahlora-quantity-20260917/runs/full-v1-quantity-adaptive_sample-seed45
adaptive_sample,46,94.03669724770643,93.80733944954129,11,1286018056,1364808862,336789504,947408000,1820552,42200,1350400,12800,7710784,5.4,/home/gogoi/ahlora-quantity-20260917/runs/full-v1-quantity-adaptive_sample-seed46
