effect,endpoint,seed,difference_pp,paired_mean,sample_sd,ci95_low,ci95_high
ours_minus_declora16,best_accuracy,42,-0.11467889908257689,-0.29816513761467717,0.36804602146516235,-0.7551546321500999,0.15882435692074565
ours_minus_declora16,best_accuracy,43,-0.5733944954128418,-0.29816513761467717,0.36804602146516235,-0.7551546321500999,0.15882435692074565
ours_minus_declora16,best_accuracy,44,-0.34403669724770225,-0.29816513761467717,0.36804602146516235,-0.7551546321500999,0.15882435692074565
ours_minus_declora16,best_accuracy,45,0.22935779816513957,-0.29816513761467717,0.36804602146516235,-0.7551546321500999,0.15882435692074565
ours_minus_declora16,best_accuracy,46,-0.6880733944954045,-0.29816513761467717,0.36804602146516235,-0.7551546321500999,0.15882435692074565
ours_minus_declora16,final_accuracy,42,-0.45871559633027914,-0.5504587155963293,0.2968389703106608,-0.9190329782949536,-0.18188445289770505
ours_minus_declora16,final_accuracy,43,-0.6880733944954187,-0.5504587155963293,0.2968389703106608,-0.9190329782949536,-0.18188445289770505
ours_minus_declora16,final_accuracy,44,-0.5733944954128418,-0.5504587155963293,0.2968389703106608,-0.9190329782949536,-0.18188445289770505
ours_minus_declora16,final_accuracy,45,-0.11467889908256268,-0.5504587155963293,0.2968389703106608,-0.9190329782949536,-0.18188445289770505
ours_minus_declora16,final_accuracy,46,-0.9174311926605441,-0.5504587155963293,0.2968389703106608,-0.9190329782949536,-0.18188445289770505
ours_minus_declora4,best_accuracy,42,-0.34403669724771646,-0.2522935779816521,0.34783832312162855,-0.684191900997347,0.17960474503404283
ours_minus_declora4,best_accuracy,43,-0.34403669724770225,-0.2522935779816521,0.34783832312162855,-0.684191900997347,0.17960474503404283
ours_minus_declora4,best_accuracy,44,0.34403669724770225,-0.2522935779816521,0.34783832312162855,-0.684191900997347,0.17960474503404283
ours_minus_declora4,best_accuracy,45,-0.34403669724770225,-0.2522935779816521,0.34783832312162855,-0.684191900997347,0.17960474503404283
ours_minus_declora4,best_accuracy,46,-0.5733944954128418,-0.2522935779816521,0.34783832312162855,-0.684191900997347,0.17960474503404283
ours_minus_declora4,final_accuracy,42,-0.22935779816513957,-0.36697247706421476,0.46864258581886686,-0.9488691039006207,0.2149241497721912
ours_minus_declora4,final_accuracy,43,-0.5733944954128418,-0.36697247706421476,0.46864258581886686,-0.9488691039006207,0.2149241497721912
ours_minus_declora4,final_accuracy,44,0.34403669724771646,-0.36697247706421476,0.46864258581886686,-0.9488691039006207,0.2149241497721912
ours_minus_declora4,final_accuracy,45,-0.9174311926605441,-0.36697247706421476,0.46864258581886686,-0.9488691039006207,0.2149241497721912
ours_minus_declora4,final_accuracy,46,-0.45871559633026493,-0.36697247706421476,0.46864258581886686,-0.9488691039006207,0.2149241497721912
ours_minus_product16,best_accuracy,42,-0.22935779816513957,-0.4816513761467888,0.3182210304016461,-0.8767749730678192,-0.08652777922575855
ours_minus_product16,best_accuracy,43,-0.9174311926605583,-0.4816513761467888,0.3182210304016461,-0.8767749730678192,-0.08652777922575855
ours_minus_product16,best_accuracy,44,-0.11467889908256268,-0.4816513761467888,0.3182210304016461,-0.8767749730678192,-0.08652777922575855
ours_minus_product16,best_accuracy,45,-0.5733944954128418,-0.4816513761467888,0.3182210304016461,-0.8767749730678192,-0.08652777922575855
ours_minus_product16,best_accuracy,46,-0.5733944954128418,-0.4816513761467888,0.3182210304016461,-0.8767749730678192,-0.08652777922575855
ours_minus_product16,final_accuracy,42,-0.11467889908256268,-0.527522935779811,0.38549853931127626,-1.0061825934027622,-0.04886327815685987
ours_minus_product16,final_accuracy,43,-0.8027522935779814,-0.527522935779811,0.38549853931127626,-1.0061825934027622,-0.04886327815685987
ours_minus_product16,final_accuracy,44,-0.11467889908256268,-0.527522935779811,0.38549853931127626,-1.0061825934027622,-0.04886327815685987
ours_minus_product16,final_accuracy,45,-0.9174311926605441,-0.527522935779811,0.38549853931127626,-1.0061825934027622,-0.04886327815685987
ours_minus_product16,final_accuracy,46,-0.6880733944954045,-0.527522935779811,0.38549853931127626,-1.0061825934027622,-0.04886327815685987
adaptation_size,best_accuracy,42,-0.11467889908257689,-0.16055045871559628,0.19189450149864112,-0.3988189526797177,0.07771803524852508
adaptation_size,best_accuracy,43,-0.45871559633027914,-0.16055045871559628,0.19189450149864112,-0.3988189526797177,0.07771803524852508
adaptation_size,best_accuracy,44,0.0,-0.16055045871559628,0.19189450149864112,-0.3988189526797177,0.07771803524852508
adaptation_size,best_accuracy,45,0.0,-0.16055045871559628,0.19189450149864112,-0.3988189526797177,0.07771803524852508
adaptation_size,best_accuracy,46,-0.22935779816512536,-0.16055045871559628,0.19189450149864112,-0.3988189526797177,0.07771803524852508
adaptation_size,final_accuracy,42,-0.34403669724770225,-0.32110091743118974,0.2205892667622909,-0.5949986683600931,-0.0472031665022864
adaptation_size,final_accuracy,43,-0.6880733944954187,-0.32110091743118974,0.2205892667622909,-0.5949986683600931,-0.0472031665022864
adaptation_size,final_accuracy,44,-0.22935779816512536,-0.32110091743118974,0.2205892667622909,-0.5949986683600931,-0.0472031665022864
adaptation_size,final_accuracy,45,-0.22935779816513957,-0.32110091743118974,0.2205892667622909,-0.5949986683600931,-0.0472031665022864
adaptation_size,final_accuracy,46,-0.11467889908256268,-0.32110091743118974,0.2205892667622909,-0.5949986683600931,-0.0472031665022864
adaptation_uniform,best_accuracy,42,-0.573394495412856,-0.3440366972477051,0.1813232603307595,-0.5691792616373383,-0.11889413285807185
adaptation_uniform,best_accuracy,43,-0.11467889908256268,-0.3440366972477051,0.1813232603307595,-0.5691792616373383,-0.11889413285807185
adaptation_uniform,best_accuracy,44,-0.22935779816513957,-0.3440366972477051,0.1813232603307595,-0.5691792616373383,-0.11889413285807185
adaptation_uniform,best_accuracy,45,-0.34403669724770225,-0.3440366972477051,0.1813232603307595,-0.5691792616373383,-0.11889413285807185
adaptation_uniform,best_accuracy,46,-0.45871559633026493,-0.3440366972477051,0.1813232603307595,-0.5691792616373383,-0.11889413285807185
adaptation_uniform,final_accuracy,42,-1.6055045871559628,-0.3899082568807358,0.7546185264386285,-1.326890913537158,0.5470743997756863
adaptation_uniform,final_accuracy,43,-0.11467889908256268,-0.3899082568807358,0.7546185264386285,-1.326890913537158,0.5470743997756863
adaptation_uniform,final_accuracy,44,0.0,-0.3899082568807358,0.7546185264386285,-1.326890913537158,0.5470743997756863
adaptation_uniform,final_accuracy,45,0.34403669724770225,-0.3899082568807358,0.7546185264386285,-1.326890913537158,0.5470743997756863
adaptation_uniform,final_accuracy,46,-0.573394495412856,-0.3899082568807358,0.7546185264386285,-1.326890913537158,0.5470743997756863
weighting_fixed,best_accuracy,42,-0.22935779816513957,-0.11467889908256552,0.18132326033075724,-0.339821463472196,0.11046366530706493
weighting_fixed,best_accuracy,43,0.11467889908257689,-0.11467889908256552,0.18132326033075724,-0.339821463472196,0.11046366530706493
weighting_fixed,best_accuracy,44,-0.11467889908256268,-0.11467889908256552,0.18132326033075724,-0.339821463472196,0.11046366530706493
weighting_fixed,best_accuracy,45,-0.34403669724770225,-0.11467889908256552,0.18132326033075724,-0.339821463472196,0.11046366530706493
weighting_fixed,best_accuracy,46,0.0,-0.11467889908256552,0.18132326033075724,-0.339821463472196,0.11046366530706493
weighting_fixed,final_accuracy,42,-0.22935779816513957,0.022935779816512535,0.2205892667622872,-0.2509619711123863,0.2968335307454113
weighting_fixed,final_accuracy,43,0.11467889908257689,0.022935779816512535,0.2205892667622872,-0.2509619711123863,0.2968335307454113
weighting_fixed,final_accuracy,44,0.34403669724770225,0.022935779816512535,0.2205892667622872,-0.2509619711123863,0.2968335307454113
weighting_fixed,final_accuracy,45,0.0,0.022935779816512535,0.2205892667622872,-0.2509619711123863,0.2968335307454113
weighting_fixed,final_accuracy,46,-0.11467889908257689,0.022935779816512535,0.2205892667622872,-0.2509619711123863,0.2968335307454113
weighting_adaptive,best_accuracy,42,0.22935779816513957,0.06880733944954329,0.19189450149864323,-0.16946115451458071,0.3070758334136673
weighting_adaptive,best_accuracy,43,-0.22935779816513957,0.06880733944954329,0.19189450149864323,-0.16946115451458071,0.3070758334136673
weighting_adaptive,best_accuracy,44,0.11467889908257689,0.06880733944954329,0.19189450149864323,-0.16946115451458071,0.3070758334136673
weighting_adaptive,best_accuracy,45,0.0,0.06880733944954329,0.19189450149864323,-0.16946115451458071,0.3070758334136673
weighting_adaptive,best_accuracy,46,0.22935779816513957,0.06880733944954329,0.19189450149864323,-0.16946115451458071,0.3070758334136673
weighting_adaptive,final_accuracy,42,1.032110091743121,0.09174311926605867,0.6507459155555573,-0.7162646560574252,0.8997508945895426
weighting_adaptive,final_accuracy,43,-0.45871559633027914,0.09174311926605867,0.6507459155555573,-0.7162646560574252,0.8997508945895426
weighting_adaptive,final_accuracy,44,0.11467889908257689,0.09174311926605867,0.6507459155555573,-0.7162646560574252,0.8997508945895426
weighting_adaptive,final_accuracy,45,-0.5733944954128418,0.09174311926605867,0.6507459155555573,-0.7162646560574252,0.8997508945895426
weighting_adaptive,final_accuracy,46,0.34403669724771646,0.09174311926605867,0.6507459155555573,-0.7162646560574252,0.8997508945895426
adaptation_main,best_accuracy,42,-0.34403669724771646,-0.2522935779816507,0.10416228282445471,-0.3816281345354946,-0.12295902142780676
adaptation_main,best_accuracy,43,-0.2866972477064209,-0.2522935779816507,0.10416228282445471,-0.3816281345354946,-0.12295902142780676
adaptation_main,best_accuracy,44,-0.11467889908256979,-0.2522935779816507,0.10416228282445471,-0.3816281345354946,-0.12295902142780676
adaptation_main,best_accuracy,45,-0.17201834862385113,-0.2522935779816507,0.10416228282445471,-0.3816281345354946,-0.12295902142780676
adaptation_main,best_accuracy,46,-0.34403669724769514,-0.2522935779816507,0.10416228282445471,-0.3816281345354946,-0.12295902142780676
adaptation_main,final_accuracy,42,-0.9747706422018325,-0.3555045871559628,0.39184287989151034,-0.8420417840697338,0.13103260975780823
adaptation_main,final_accuracy,43,-0.4013761467889907,-0.3555045871559628,0.39184287989151034,-0.8420417840697338,0.13103260975780823
adaptation_main,final_accuracy,44,-0.11467889908256268,-0.3555045871559628,0.39184287989151034,-0.8420417840697338,0.13103260975780823
adaptation_main,final_accuracy,45,0.05733944954128134,-0.3555045871559628,0.39184287989151034,-0.8420417840697338,0.13103260975780823
adaptation_main,final_accuracy,46,-0.34403669724770936,-0.3555045871559628,0.39184287989151034,-0.8420417840697338,0.13103260975780823
weighting_main,best_accuracy,42,0.0,-0.022935779816511116,0.10416228282445471,-0.15227033637035506,0.10639877673733282
weighting_main,best_accuracy,43,-0.05733944954128134,-0.022935779816511116,0.10416228282445471,-0.15227033637035506,0.10639877673733282
weighting_main,best_accuracy,44,7.105427357601002e-15,-0.022935779816511116,0.10416228282445471,-0.15227033637035506,0.10639877673733282
weighting_main,best_accuracy,45,-0.17201834862385113,-0.022935779816511116,0.10416228282445471,-0.15227033637035506,0.10639877673733282
weighting_main,best_accuracy,46,0.11467889908256979,-0.022935779816511116,0.10416228282445471,-0.15227033637035506,0.10639877673733282
weighting_main,final_accuracy,42,0.4013761467889907,0.0573394495412856,0.28381579520102207,-0.29506440548139684,0.40974330456396807
weighting_main,final_accuracy,43,-0.17201834862385113,0.0573394495412856,0.28381579520102207,-0.29506440548139684,0.40974330456396807
weighting_main,final_accuracy,44,0.22935779816513957,0.0573394495412856,0.28381579520102207,-0.29506440548139684,0.40974330456396807
weighting_main,final_accuracy,45,-0.2866972477064209,0.0573394495412856,0.28381579520102207,-0.29506440548139684,0.40974330456396807
weighting_main,final_accuracy,46,0.11467889908256979,0.0573394495412856,0.28381579520102207,-0.29506440548139684,0.40974330456396807
interaction,best_accuracy,42,0.45871559633027914,0.18348623853210883,0.3098453230758372,-0.2012375441429729,0.5682100212071906
interaction,best_accuracy,43,-0.34403669724771646,0.18348623853210883,0.3098453230758372,-0.2012375441429729,0.5682100212071906
interaction,best_accuracy,44,0.22935779816513957,0.18348623853210883,0.3098453230758372,-0.2012375441429729,0.5682100212071906
interaction,best_accuracy,45,0.34403669724770225,0.18348623853210883,0.3098453230758372,-0.2012375441429729,0.5682100212071906
interaction,best_accuracy,46,0.22935779816513957,0.18348623853210883,0.3098453230758372,-0.2012375441429729,0.5682100212071906
interaction,final_accuracy,42,1.2614678899082605,0.06880733944954613,0.7887040763325456,-0.910498117369131,1.0481127962682233
interaction,final_accuracy,43,-0.573394495412856,0.06880733944954613,0.7887040763325456,-0.910498117369131,1.0481127962682233
interaction,final_accuracy,44,-0.22935779816512536,0.06880733944954613,0.7887040763325456,-0.910498117369131,1.0481127962682233
interaction,final_accuracy,45,-0.5733944954128418,0.06880733944954613,0.7887040763325456,-0.910498117369131,1.0481127962682233
interaction,final_accuracy,46,0.45871559633029335,0.06880733944954613,0.7887040763325456,-0.910498117369131,1.0481127962682233
