path,comparison_group,status,classification,track,task,arm,seed,primary_metric,n_train,n_validation,n_clients,best_round,best_primary,final_primary,best_accuracy,final_accuracy,best_f1,final_f1,total_steps,total_examples,total_probe_examples,training_bytes,evaluation_assembly_bytes,production_bytes,elapsed_seconds,source_sha256,split_sha256,capacity_scope,warnings,rounds_recorded,checkpoint_verification,checkpoint_verification_kind,checkpoint_verified_endpoints,checkpoint_files_present,error
/home/gogoi/ahlora-quantity-20260917/runs/full-v1-equal-declora16-seed42,99281505a3d75619,complete,full_configured_budget,equal_size_paper_setting_anchor,sst2,declora16,42,accuracy,67349,872,10,20,94.15137614678899,94.15137614678899,94.15137614678899,94.15137614678899,94.30167597765363,94.30167597765363,42200,1346980,0,1892978000,2366211480,2011288894,8342.384191639721,daced6fc0052f4aab6069aea78ce1468bd5c039b76dedb71080155b0276b8d61,38561e7895751952a982c5ab9ba0a8b5e1e8222749e2287c8c3960d357845e75,uniform-rank reference exceeds some declared client caps,[],20,passed,standalone_independent_evaluator,"[""best"",""final""]","{""best"":true,""final"":true}",
/home/gogoi/ahlora-quantity-20260917/runs/full-v1-quantity-adaptive_sample-seed42,2ec9b556fbc202fe,complete,full_configured_budget,quantity_skew_extension,sst2,adaptive_sample,42,accuracy,67349,872,10,14,94.4954128440367,94.15137614678899,94.4954128440367,94.15137614678899,94.64285714285714,94.30167597765363,42200,1350400,12800,1290735840,1596752432,1371591198,8621.01482763514,daced6fc0052f4aab6069aea78ce1468bd5c039b76dedb71080155b0276b8d61,2ed6d053bda628b79e7cd87161183aa80fca526e2072fdd9c41b450047ba198c,training ranks within declared heterogeneous caps,[],20,passed,standalone_independent_evaluator,"[""best"",""final""]","{""best"":true,""final"":true}",
/home/gogoi/ahlora-quantity-20260917/runs/full-v1-quantity-adaptive_sample-seed43,2ec9b556fbc202fe,complete,full_configured_budget,quantity_skew_extension,sst2,adaptive_sample,43,accuracy,67349,872,10,11,93.92201834862385,93.69266055045871,93.92201834862385,93.69266055045871,94.07821229050279,93.82716049382717,42200,1350400,12800,1299584880,1603832216,1376901294,8549.102312132716,daced6fc0052f4aab6069aea78ce1468bd5c039b76dedb71080155b0276b8d61,40f4fa197ac3676c05bff03836c80ab1b7dfd0c9d5778b2888f8d4aa90122eff,training ranks within declared heterogeneous caps,[],20,passed,standalone_independent_evaluator,"[""best"",""final""]","{""best"":true,""final"":true}",
/home/gogoi/ahlora-quantity-20260917/runs/full-v1-quantity-adaptive_sample-seed44,2ec9b556fbc202fe,complete,full_configured_budget,quantity_skew_extension,sst2,adaptive_sample,44,accuracy,67349,872,10,16,94.38073394495413,94.03669724770643,94.38073394495413,94.03669724770643,94.48818897637796,94.11764705882354,42200,1350400,12800,1286017776,1525970624,1360679670,8671.002695121802,daced6fc0052f4aab6069aea78ce1468bd5c039b76dedb71080155b0276b8d61,759c006eaa41cc798fc003c8ea14876c63ff9a639bbdffd0bdda130391fcfcc4,training ranks within declared heterogeneous caps,[],20,passed,standalone_independent_evaluator,"[""best"",""final""]","{""best"":true,""final"":true}",
/home/gogoi/ahlora-quantity-20260917/runs/full-v1-quantity-adaptive_sample-seed45,2ec9b556fbc202fe,complete,full_configured_budget,quantity_skew_extension,sst2,adaptive_sample,45,accuracy,67349,872,10,11,94.38073394495413,93.80733944954129,94.38073394495413,93.80733944954129,94.47576099210823,93.95973154362416,42200,1350400,12800,1291916956,1505622128,1366578826,8588.644611292519,daced6fc0052f4aab6069aea78ce1468bd5c039b76dedb71080155b0276b8d61,75f684163d3981c01b27b7a044e757847c5bc3a7e0aa7de4aec401fb27185e3d,training ranks within declared heterogeneous caps,[],20,passed,standalone_independent_evaluator,"[""best"",""final""]","{""best"":true,""final"":true}",
/home/gogoi/ahlora-quantity-20260917/runs/full-v1-quantity-adaptive_sample-seed46,2ec9b556fbc202fe,complete,full_configured_budget,quantity_skew_extension,sst2,adaptive_sample,46,accuracy,67349,872,10,11,94.03669724770643,93.80733944954129,94.03669724770643,93.80733944954129,94.2350332594235,93.95973154362416,42200,1350400,12800,1286018056,1571096192,1364808862,8519.971817689016,daced6fc0052f4aab6069aea78ce1468bd5c039b76dedb71080155b0276b8d61,cc2a0130357b29e1365b8567c10fba6042744d102f7a789a3c5c33a2accf1945,training ranks within declared heterogeneous caps,[],20,passed,standalone_independent_evaluator,"[""best"",""final""]","{""best"":true,""final"":true}",
/home/gogoi/ahlora-quantity-20260917/runs/full-v1-quantity-adaptive_uniform-seed42,2ec9b556fbc202fe,complete,full_configured_budget,quantity_skew_extension,sst2,adaptive_uniform,42,accuracy,67349,872,10,6,94.26605504587155,93.11926605504587,94.26605504587155,93.11926605504587,94.38202247191012,93.25842696629213,42200,1350400,12800,1323179504,1631252664,1406393926,8590.637526509352,daced6fc0052f4aab6069aea78ce1468bd5c039b76dedb71080155b0276b8d61,2ed6d053bda628b79e7cd87161183aa80fca526e2072fdd9c41b450047ba198c,training ranks within declared heterogeneous caps,[],20,passed,standalone_independent_evaluator,"[""best"",""final""]","{""best"":true,""final"":true}",
/home/gogoi/ahlora-quantity-20260917/runs/full-v1-quantity-adaptive_uniform-seed43,2ec9b556fbc202fe,complete,full_configured_budget,quantity_skew_extension,sst2,adaptive_uniform,43,accuracy,67349,872,10,20,94.15137614678899,94.15137614678899,94.15137614678899,94.15137614678899,94.27609427609427,94.27609427609427,42200,1350400,12800,1291326800,1589078112,1370117398,8625.710337685421,daced6fc0052f4aab6069aea78ce1468bd5c039b76dedb71080155b0276b8d61,40f4fa197ac3676c05bff03836c80ab1b7dfd0c9d5778b2888f8d4aa90122eff,training ranks within declared heterogeneous caps,[],20,passed,standalone_independent_evaluator,"[""best"",""final""]","{""best"":true,""final"":true}",
/home/gogoi/ahlora-quantity-20260917/runs/full-v1-quantity-adaptive_uniform-seed44,2ec9b556fbc202fe,complete,full_configured_budget,quantity_skew_extension,sst2,adaptive_uniform,44,accuracy,67349,872,10,8,94.26605504587155,93.92201834862385,94.26605504587155,93.92201834862385,94.38202247191012,94.02480270574972,42200,1350400,12800,1275400160,1513280448,1351241350,8582.549088264816,daced6fc0052f4aab6069aea78ce1468bd5c039b76dedb71080155b0276b8d61,759c006eaa41cc798fc003c8ea14876c63ff9a639bbdffd0bdda130391fcfcc4,training ranks within declared heterogeneous caps,[],20,passed,standalone_independent_evaluator,"[""best"",""final""]","{""best"":true,""final"":true}",
/home/gogoi/ahlora-quantity-20260917/runs/full-v1-quantity-adaptive_uniform-seed45,2ec9b556fbc202fe,complete,full_configured_budget,quantity_skew_extension,sst2,adaptive_uniform,45,accuracy,67349,872,10,20,94.38073394495413,94.38073394495413,94.38073394495413,94.38073394495413,94.52513966480447,94.52513966480447,42200,1350400,12800,1296045632,1502369832,1369822606,8637.724335224368,daced6fc0052f4aab6069aea78ce1468bd5c039b76dedb71080155b0276b8d61,75f684163d3981c01b27b7a044e757847c5bc3a7e0aa7de4aec401fb27185e3d,training ranks within declared heterogeneous caps,[],20,passed,standalone_independent_evaluator,"[""best"",""final""]","{""best"":true,""final"":true}",
/home/gogoi/ahlora-quantity-20260917/runs/full-v1-quantity-adaptive_uniform-seed46,2ec9b556fbc202fe,complete,full_configured_budget,quantity_skew_extension,sst2,adaptive_uniform,46,accuracy,67349,872,10,15,93.80733944954129,93.46330275229357,93.80733944954129,93.46330275229357,93.97321428571429,93.61702127659575,42200,1350400,12800,1291916288,1574627232,1366578022,8583.660664630122,daced6fc0052f4aab6069aea78ce1468bd5c039b76dedb71080155b0276b8d61,cc2a0130357b29e1365b8567c10fba6042744d102f7a789a3c5c33a2accf1945,training ranks within declared heterogeneous caps,[],20,passed,standalone_independent_evaluator,"[""best"",""final""]","{""best"":true,""final"":true}",
/home/gogoi/ahlora-quantity-20260917/runs/full-v1-quantity-declora16-seed42,2ec9b556fbc202fe,complete,full_configured_budget,quantity_skew_extension,sst2,declora16,42,accuracy,67349,872,10,20,94.61009174311927,94.61009174311927,94.61009174311927,94.61009174311927,94.72502805836139,94.72502805836139,42200,1350400,0,1892978000,2366211480,2011288894,8442.43757098727,daced6fc0052f4aab6069aea78ce1468bd5c039b76dedb71080155b0276b8d61,2ed6d053bda628b79e7cd87161183aa80fca526e2072fdd9c41b450047ba198c,uniform-rank reference exceeds some declared client caps,[],20,passed,standalone_independent_evaluator,"[""best"",""final""]","{""best"":true,""final"":true}",
/home/gogoi/ahlora-quantity-20260917/runs/full-v1-quantity-declora16-seed43,2ec9b556fbc202fe,complete,full_configured_budget,quantity_skew_extension,sst2,declora16,43,accuracy,67349,872,10,19,94.4954128440367,94.38073394495413,94.4954128440367,94.38073394495413,94.5823927765237,94.47576099210823,42200,1350400,0,1892978000,2366211480,2011288894,8353.314970104024,daced6fc0052f4aab6069aea78ce1468bd5c039b76dedb71080155b0276b8d61,40f4fa197ac3676c05bff03836c80ab1b7dfd0c9d5778b2888f8d4aa90122eff,uniform-rank reference exceeds some declared client caps,[],20,passed,standalone_independent_evaluator,"[""best"",""final""]","{""best"":true,""final"":true}",
/home/gogoi/ahlora-quantity-20260917/runs/full-v1-quantity-declora16-seed44,2ec9b556fbc202fe,complete,full_configured_budget,quantity_skew_extension,sst2,declora16,44,accuracy,67349,872,10,18,94.72477064220183,94.61009174311927,94.72477064220183,94.61009174311927,94.85458612975391,94.70124013528749,42200,1350400,0,1892978000,2366211480,2011288894,8451.700325899757,daced6fc0052f4aab6069aea78ce1468bd5c039b76dedb71080155b0276b8d61,759c006eaa41cc798fc003c8ea14876c63ff9a639bbdffd0bdda130391fcfcc4,uniform-rank reference exceeds some declared client caps,[],20,passed,standalone_independent_evaluator,"[""best"",""final""]","{""best"":true,""final"":true}",
/home/gogoi/ahlora-quantity-20260917/runs/full-v1-quantity-declora16-seed45,2ec9b556fbc202fe,complete,full_configured_budget,quantity_skew_extension,sst2,declora16,45,accuracy,67349,872,10,10,94.15137614678899,93.92201834862385,94.15137614678899,93.92201834862385,94.25028184892898,94.0649496080627,42200,1350400,0,1892978000,2366211480,2011288894,8438.198123904876,daced6fc0052f4aab6069aea78ce1468bd5c039b76dedb71080155b0276b8d61,75f684163d3981c01b27b7a044e757847c5bc3a7e0aa7de4aec401fb27185e3d,uniform-rank reference exceeds some declared client caps,[],20,passed,standalone_independent_evaluator,"[""best"",""final""]","{""best"":true,""final"":true}",
/home/gogoi/ahlora-quantity-20260917/runs/full-v1-quantity-declora16-seed46,2ec9b556fbc202fe,complete,full_configured_budget,quantity_skew_extension,sst2,declora16,46,accuracy,67349,872,10,19,94.72477064220183,94.72477064220183,94.72477064220183,94.72477064220183,94.8314606741573,94.84304932735427,42200,1350400,0,1892978000,2366211480,2011288894,8306.21634876728,daced6fc0052f4aab6069aea78ce1468bd5c039b76dedb71080155b0276b8d61,cc2a0130357b29e1365b8567c10fba6042744d102f7a789a3c5c33a2accf1945,uniform-rank reference exceeds some declared client caps,[],20,passed,standalone_independent_evaluator,"[""best"",""final""]","{""best"":true,""final"":true}",
/home/gogoi/ahlora-quantity-20260917/runs/full-v1-quantity-declora4-seed42,2ec9b556fbc202fe,complete,full_configured_budget,quantity_skew_extension,sst2,declora4,42,accuracy,67349,872,10,19,94.83944954128441,94.38073394495413,94.83944954128441,94.38073394495413,94.94949494949495,94.51287793952967,42200,1350400,0,1185160400,1481439480,1259232694,8350.760401144624,daced6fc0052f4aab6069aea78ce1468bd5c039b76dedb71080155b0276b8d61,2ed6d053bda628b79e7cd87161183aa80fca526e2072fdd9c41b450047ba198c,training ranks within declared heterogeneous caps,[],20,passed,standalone_independent_evaluator,"[""best"",""final""]","{""best"":true,""final"":true}",
/home/gogoi/ahlora-quantity-20260917/runs/full-v1-quantity-declora4-seed43,2ec9b556fbc202fe,complete,full_configured_budget,quantity_skew_extension,sst2,declora4,43,accuracy,67349,872,10,20,94.26605504587155,94.26605504587155,94.26605504587155,94.26605504587155,94.39461883408072,94.39461883408072,42200,1350400,0,1185160400,1481439480,1259232694,8478.942534281872,daced6fc0052f4aab6069aea78ce1468bd5c039b76dedb71080155b0276b8d61,40f4fa197ac3676c05bff03836c80ab1b7dfd0c9d5778b2888f8d4aa90122eff,training ranks within declared heterogeneous caps,[],20,passed,standalone_independent_evaluator,"[""best"",""final""]","{""best"":true,""final"":true}",
/home/gogoi/ahlora-quantity-20260917/runs/full-v1-quantity-declora4-seed44,2ec9b556fbc202fe,complete,full_configured_budget,quantity_skew_extension,sst2,declora4,44,accuracy,67349,872,10,19,94.03669724770643,93.69266055045871,94.03669724770643,93.69266055045871,94.17040358744394,93.85474860335195,42200,1350400,0,1185160400,1481439480,1259232694,8309.604319874197,daced6fc0052f4aab6069aea78ce1468bd5c039b76dedb71080155b0276b8d61,759c006eaa41cc798fc003c8ea14876c63ff9a639bbdffd0bdda130391fcfcc4,training ranks within declared heterogeneous caps,[],20,passed,standalone_independent_evaluator,"[""best"",""final""]","{""best"":true,""final"":true}",
/home/gogoi/ahlora-quantity-20260917/runs/full-v1-quantity-declora4-seed45,2ec9b556fbc202fe,complete,full_configured_budget,quantity_skew_extension,sst2,declora4,45,accuracy,67349,872,10,10,94.72477064220183,94.72477064220183,94.72477064220183,94.72477064220183,94.86607142857143,94.85458612975391,42200,1350400,0,1185160400,1481439480,1259232694,8343.066170648672,daced6fc0052f4aab6069aea78ce1468bd5c039b76dedb71080155b0276b8d61,75f684163d3981c01b27b7a044e757847c5bc3a7e0aa7de4aec401fb27185e3d,training ranks within declared heterogeneous caps,[],20,passed,standalone_independent_evaluator,"[""best"",""final""]","{""best"":true,""final"":true}",
/home/gogoi/ahlora-quantity-20260917/runs/full-v1-quantity-declora4-seed46,2ec9b556fbc202fe,complete,full_configured_budget,quantity_skew_extension,sst2,declora4,46,accuracy,67349,872,10,19,94.61009174311927,94.26605504587155,94.61009174311927,94.26605504587155,94.80662983425414,94.43207126948775,42200,1350400,0,1185160400,1481439480,1259232694,8363.64325730782,daced6fc0052f4aab6069aea78ce1468bd5c039b76dedb71080155b0276b8d61,cc2a0130357b29e1365b8567c10fba6042744d102f7a789a3c5c33a2accf1945,training ranks within declared heterogeneous caps,[],20,passed,standalone_independent_evaluator,"[""best"",""final""]","{""best"":true,""final"":true}",
/home/gogoi/ahlora-quantity-20260917/runs/full-v1-quantity-fixed_sample-seed42,2ec9b556fbc202fe,complete,full_configured_budget,quantity_skew_extension,sst2,fixed_sample,42,accuracy,67349,872,10,19,94.61009174311927,94.4954128440367,94.61009174311927,94.4954128440367,94.73684210526316,94.61883408071749,42200,1350400,0,1468284720,1811759000,1558872990,8522.329762767069,daced6fc0052f4aab6069aea78ce1468bd5c039b76dedb71080155b0276b8d61,2ed6d053bda628b79e7cd87161183aa80fca526e2072fdd9c41b450047ba198c,training ranks within declared heterogeneous caps,[],20,passed,standalone_independent_evaluator,"[""best"",""final""]","{""best"":true,""final"":true}",
/home/gogoi/ahlora-quantity-20260917/runs/full-v1-quantity-fixed_sample-seed43,2ec9b556fbc202fe,complete,full_configured_budget,quantity_skew_extension,sst2,fixed_sample,43,accuracy,67349,872,10,11,94.38073394495413,94.38073394495413,94.38073394495413,94.38073394495413,94.50056116722783,94.54949944382648,42200,1350400,0,1468284720,1811759000,1558872990,8421.991400088184,daced6fc0052f4aab6069aea78ce1468bd5c039b76dedb71080155b0276b8d61,40f4fa197ac3676c05bff03836c80ab1b7dfd0c9d5778b2888f8d4aa90122eff,training ranks within declared heterogeneous caps,[],20,passed,standalone_independent_evaluator,"[""best"",""final""]","{""best"":true,""final"":true}",
/home/gogoi/ahlora-quantity-20260917/runs/full-v1-quantity-fixed_sample-seed44,2ec9b556fbc202fe,complete,full_configured_budget,quantity_skew_extension,sst2,fixed_sample,44,accuracy,67349,872,10,16,94.38073394495413,94.26605504587155,94.38073394495413,94.26605504587155,94.51287793952967,94.3566591422122,42200,1350400,0,1468284720,1705587800,1553564430,8370.804527646862,daced6fc0052f4aab6069aea78ce1468bd5c039b76dedb71080155b0276b8d61,759c006eaa41cc798fc003c8ea14876c63ff9a639bbdffd0bdda130391fcfcc4,training ranks within declared heterogeneous caps,[],20,passed,standalone_independent_evaluator,"[""best"",""final""]","{""best"":true,""final"":true}",
/home/gogoi/ahlora-quantity-20260917/runs/full-v1-quantity-fixed_sample-seed45,2ec9b556fbc202fe,complete,full_configured_budget,quantity_skew_extension,sst2,fixed_sample,45,accuracy,67349,872,10,9,94.38073394495413,94.03669724770643,94.38073394495413,94.03669724770643,94.52513966480447,94.19642857142857,42200,1350400,0,1468284700,1670195480,1551794794,8431.544792492874,daced6fc0052f4aab6069aea78ce1468bd5c039b76dedb71080155b0276b8d61,75f684163d3981c01b27b7a044e757847c5bc3a7e0aa7de4aec401fb27185e3d,training ranks within declared heterogeneous caps,[],20,passed,standalone_independent_evaluator,"[""best"",""final""]","{""best"":true,""final"":true}",
/home/gogoi/ahlora-quantity-20260917/runs/full-v1-quantity-fixed_sample-seed46,2ec9b556fbc202fe,complete,full_configured_budget,quantity_skew_extension,sst2,fixed_sample,46,accuracy,67349,872,10,19,94.26605504587155,93.92201834862385,94.26605504587155,93.92201834862385,94.41964285714286,94.10456062291435,42200,1350400,0,1468284760,1776366680,1557103414,8387.676656246185,daced6fc0052f4aab6069aea78ce1468bd5c039b76dedb71080155b0276b8d61,cc2a0130357b29e1365b8567c10fba6042744d102f7a789a3c5c33a2accf1945,training ranks within declared heterogeneous caps,[],20,passed,standalone_independent_evaluator,"[""best"",""final""]","{""best"":true,""final"":true}",
/home/gogoi/ahlora-quantity-20260917/runs/full-v1-quantity-fixed_uniform-seed42,2ec9b556fbc202fe,complete,full_configured_budget,quantity_skew_extension,sst2,fixed_uniform,42,accuracy,67349,872,10,6,94.83944954128441,94.72477064220183,94.83944954128441,94.72477064220183,94.97206703910615,94.81981981981981,42200,1350400,0,1468284560,1811751000,1558872430,8263.849142060615,daced6fc0052f4aab6069aea78ce1468bd5c039b76dedb71080155b0276b8d61,2ed6d053bda628b79e7cd87161183aa80fca526e2072fdd9c41b450047ba198c,training ranks within declared heterogeneous caps,[],20,passed,standalone_independent_evaluator,"[""best"",""final""]","{""best"":true,""final"":true}",
/home/gogoi/ahlora-quantity-20260917/runs/full-v1-quantity-fixed_uniform-seed43,2ec9b556fbc202fe,complete,full_configured_budget,quantity_skew_extension,sst2,fixed_uniform,43,accuracy,67349,872,10,20,94.26605504587155,94.26605504587155,94.26605504587155,94.26605504587155,94.44444444444444,94.44444444444444,42200,1350400,0,1468284560,1811751000,1558872430,8488.435028416105,daced6fc0052f4aab6069aea78ce1468bd5c039b76dedb71080155b0276b8d61,40f4fa197ac3676c05bff03836c80ab1b7dfd0c9d5778b2888f8d4aa90122eff,training ranks within declared heterogeneous caps,[],20,passed,standalone_independent_evaluator,"[""best"",""final""]","{""best"":true,""final"":true}",
/home/gogoi/ahlora-quantity-20260917/runs/full-v1-quantity-fixed_uniform-seed44,2ec9b556fbc202fe,complete,full_configured_budget,quantity_skew_extension,sst2,fixed_uniform,44,accuracy,67349,872,10,14,94.4954128440367,93.92201834862385,94.4954128440367,93.92201834862385,94.61883408071749,94.05162738496072,42200,1350400,0,1468284560,1705579800,1553563870,8394.447607585229,daced6fc0052f4aab6069aea78ce1468bd5c039b76dedb71080155b0276b8d61,759c006eaa41cc798fc003c8ea14876c63ff9a639bbdffd0bdda130391fcfcc4,training ranks within declared heterogeneous caps,[],20,passed,standalone_independent_evaluator,"[""best"",""final""]","{""best"":true,""final"":true}",
/home/gogoi/ahlora-quantity-20260917/runs/full-v1-quantity-fixed_uniform-seed45,2ec9b556fbc202fe,complete,full_configured_budget,quantity_skew_extension,sst2,fixed_uniform,45,accuracy,67349,872,10,13,94.72477064220183,94.03669724770643,94.72477064220183,94.03669724770643,94.85458612975391,94.17040358744394,42200,1350400,0,1468284560,1670187480,1551794254,8444.5952267088,daced6fc0052f4aab6069aea78ce1468bd5c039b76dedb71080155b0276b8d61,75f684163d3981c01b27b7a044e757847c5bc3a7e0aa7de4aec401fb27185e3d,training ranks within declared heterogeneous caps,[],20,passed,standalone_independent_evaluator,"[""best"",""final""]","{""best"":true,""final"":true}",
/home/gogoi/ahlora-quantity-20260917/runs/full-v1-quantity-fixed_uniform-seed46,2ec9b556fbc202fe,complete,full_configured_budget,quantity_skew_extension,sst2,fixed_uniform,46,accuracy,67349,872,10,19,94.26605504587155,94.03669724770643,94.26605504587155,94.03669724770643,94.40715883668904,94.24778761061947,42200,1350400,0,1468284560,1776358680,1557102814,8466.69353958778,daced6fc0052f4aab6069aea78ce1468bd5c039b76dedb71080155b0276b8d61,cc2a0130357b29e1365b8567c10fba6042744d102f7a789a3c5c33a2accf1945,training ranks within declared heterogeneous caps,[],20,passed,standalone_independent_evaluator,"[""best"",""final""]","{""best"":true,""final"":true}",
/home/gogoi/ahlora-quantity-20260917/runs/full-v1-quantity-product16_sample-seed42,2ec9b556fbc202fe,complete,full_configured_budget,quantity_skew_extension,sst2,product16_sample,42,accuracy,67349,872,10,16,94.72477064220183,94.26605504587155,94.72477064220183,94.26605504587155,94.84304932735427,94.40715883668904,42200,1350400,0,1892978160,2366219480,2011289454,8401.079785739072,daced6fc0052f4aab6069aea78ce1468bd5c039b76dedb71080155b0276b8d61,2ed6d053bda628b79e7cd87161183aa80fca526e2072fdd9c41b450047ba198c,uniform-rank reference exceeds some declared client caps,[],20,passed,standalone_independent_evaluator,"[""best"",""final""]","{""best"":true,""final"":true}",
/home/gogoi/ahlora-quantity-20260917/runs/full-v1-quantity-product16_sample-seed43,2ec9b556fbc202fe,complete,full_configured_budget,quantity_skew_extension,sst2,product16_sample,43,accuracy,67349,872,10,18,94.83944954128441,94.4954128440367,94.83944954128441,94.4954128440367,94.94949494949495,94.6067415730337,42200,1350400,0,1892978160,2366219480,2011289454,8222.540079658851,daced6fc0052f4aab6069aea78ce1468bd5c039b76dedb71080155b0276b8d61,40f4fa197ac3676c05bff03836c80ab1b7dfd0c9d5778b2888f8d4aa90122eff,uniform-rank reference exceeds some declared client caps,[],20,passed,standalone_independent_evaluator,"[""best"",""final""]","{""best"":true,""final"":true}",
/home/gogoi/ahlora-quantity-20260917/runs/full-v1-quantity-product16_sample-seed44,2ec9b556fbc202fe,complete,full_configured_budget,quantity_skew_extension,sst2,product16_sample,44,accuracy,67349,872,10,18,94.4954128440367,94.15137614678899,94.4954128440367,94.15137614678899,94.6067415730337,94.2242355605889,42200,1350400,0,1892978160,2366219480,2011289454,8298.335759952664,daced6fc0052f4aab6069aea78ce1468bd5c039b76dedb71080155b0276b8d61,759c006eaa41cc798fc003c8ea14876c63ff9a639bbdffd0bdda130391fcfcc4,uniform-rank reference exceeds some declared client caps,[],20,passed,standalone_independent_evaluator,"[""best"",""final""]","{""best"":true,""final"":true}",
/home/gogoi/ahlora-quantity-20260917/runs/full-v1-quantity-product16_sample-seed45,2ec9b556fbc202fe,complete,full_configured_budget,quantity_skew_extension,sst2,product16_sample,45,accuracy,67349,872,10,13,94.95412844036697,94.72477064220183,94.95412844036697,94.72477064220183,95.03386004514672,94.81981981981981,42200,1350400,0,1892978140,2366219480,2011289434,8363.686951143667,daced6fc0052f4aab6069aea78ce1468bd5c039b76dedb71080155b0276b8d61,75f684163d3981c01b27b7a044e757847c5bc3a7e0aa7de4aec401fb27185e3d,uniform-rank reference exceeds some declared client caps,[],20,passed,standalone_independent_evaluator,"[""best"",""final""]","{""best"":true,""final"":true}",
/home/gogoi/ahlora-quantity-20260917/runs/full-v1-quantity-product16_sample-seed46,2ec9b556fbc202fe,complete,full_configured_budget,quantity_skew_extension,sst2,product16_sample,46,accuracy,67349,872,10,15,94.61009174311927,94.4954128440367,94.61009174311927,94.4954128440367,94.7603121516165,94.64285714285714,42200,1350400,0,1892978200,2366219480,2011289494,8411.871052786708,daced6fc0052f4aab6069aea78ce1468bd5c039b76dedb71080155b0276b8d61,cc2a0130357b29e1365b8567c10fba6042744d102f7a789a3c5c33a2accf1945,uniform-rank reference exceeds some declared client caps,[],20,passed,standalone_independent_evaluator,"[""best"",""final""]","{""best"":true,""final"":true}",
/home/gogoi/ahlora-quantity-20260917/runs/smoke-v1-adaptive_sample,6923a7f12dc89d05,complete,smoke,quantity_skew_extension,sst2,adaptive_sample,42,accuracy,640,872,10,4,52.522935779816514,52.522935779816514,52.522935779816514,52.522935779816514,68.15384615384616,68.15384615384616,80,2560,2464,285988852,352913048,367139150,46.89804649166763,db671264d9ff4f23f20cbacd08697632d2b68094043a4bbfa3ae11d51c654332,f46019783e00a41b5edb24e956be6c23b9cfa41ca7f9f4791559090a6c88f39c,training ranks within declared heterogeneous caps,[],4,passed,standalone_independent_evaluator,"[""best"",""final""]","{""best"":true,""final"":true}",
/home/gogoi/ahlora-quantity-20260917/runs/smoke-v1-adaptive_uniform,6923a7f12dc89d05,complete,smoke,quantity_skew_extension,sst2,adaptive_uniform,42,accuracy,640,872,10,4,68.80733944954129,68.80733944954129,68.80733944954129,68.80733944954129,56.962025316455694,56.962025316455694,80,2560,2464,285988816,352912488,367138974,44.392648136243224,db671264d9ff4f23f20cbacd08697632d2b68094043a4bbfa3ae11d51c654332,f46019783e00a41b5edb24e956be6c23b9cfa41ca7f9f4791559090a6c88f39c,training ranks within declared heterogeneous caps,[],4,passed,standalone_independent_evaluator,"[""best"",""final""]","{""best"":true,""final"":true}",
/home/gogoi/ahlora-quantity-20260917/runs/smoke-v1-declora16,6923a7f12dc89d05,complete,smoke,quantity_skew_extension,sst2,declora16,42,accuracy,640,872,10,4,68.0045871559633,68.0045871559633,68.0045871559633,68.0045871559633,55.072463768115945,55.072463768115945,80,2560,0,378595600,473242296,496906494,31.502009017392993,db671264d9ff4f23f20cbacd08697632d2b68094043a4bbfa3ae11d51c654332,f46019783e00a41b5edb24e956be6c23b9cfa41ca7f9f4791559090a6c88f39c,uniform-rank reference exceeds some declared client caps,[],4,passed,standalone_independent_evaluator,"[""best"",""final""]","{""best"":true,""final"":true}",
/home/gogoi/ahlora-quantity-20260917/runs/smoke-v1-declora4,6923a7f12dc89d05,complete,smoke,quantity_skew_extension,sst2,declora4,42,accuracy,640,872,10,4,69.03669724770643,69.03669724770643,69.03669724770643,69.03669724770643,57.142857142857146,57.142857142857146,80,2560,0,237032080,296287896,311104374,29.309435311704874,db671264d9ff4f23f20cbacd08697632d2b68094043a4bbfa3ae11d51c654332,f46019783e00a41b5edb24e956be6c23b9cfa41ca7f9f4791559090a6c88f39c,training ranks within declared heterogeneous caps,[],4,passed,standalone_independent_evaluator,"[""best"",""final""]","{""best"":true,""final"":true}",
/home/gogoi/ahlora-quantity-20260917/runs/smoke-v1-fixed_sample,6923a7f12dc89d05,complete,smoke,quantity_skew_extension,sst2,fixed_sample,42,accuracy,640,872,10,4,53.096330275229356,53.096330275229356,53.096330275229356,53.096330275229356,68.41698841698842,68.41698841698842,80,2560,0,293656948,362350760,384244958,32.66242078691721,db671264d9ff4f23f20cbacd08697632d2b68094043a4bbfa3ae11d51c654332,f46019783e00a41b5edb24e956be6c23b9cfa41ca7f9f4791559090a6c88f39c,training ranks within declared heterogeneous caps,[],4,passed,standalone_independent_evaluator,"[""best"",""final""]","{""best"":true,""final"":true}",
/home/gogoi/ahlora-quantity-20260917/runs/smoke-v1-fixed_uniform,6923a7f12dc89d05,complete,smoke,quantity_skew_extension,sst2,fixed_uniform,42,accuracy,640,872,10,4,70.29816513761467,70.29816513761467,70.29816513761467,70.29816513761467,59.969088098918085,59.969088098918085,80,2560,0,293656912,362350200,384244782,32.02688851952553,db671264d9ff4f23f20cbacd08697632d2b68094043a4bbfa3ae11d51c654332,f46019783e00a41b5edb24e956be6c23b9cfa41ca7f9f4791559090a6c88f39c,training ranks within declared heterogeneous caps,[],4,passed,standalone_independent_evaluator,"[""best"",""final""]","{""best"":true,""final"":true}",
/home/gogoi/ahlora-quantity-20260917/runs/smoke-v1-product16_sample,6923a7f12dc89d05,complete,smoke,quantity_skew_extension,sst2,product16_sample,42,accuracy,640,872,10,4,52.178899082568805,52.178899082568805,52.178899082568805,52.178899082568805,67.99693016116655,67.99693016116655,80,2560,0,378595636,473242856,496906670,38.42088906187564,db671264d9ff4f23f20cbacd08697632d2b68094043a4bbfa3ae11d51c654332,f46019783e00a41b5edb24e956be6c23b9cfa41ca7f9f4791559090a6c88f39c,uniform-rank reference exceeds some declared client caps,[],4,passed,standalone_independent_evaluator,"[""best"",""final""]","{""best"":true,""final"":true}",
