form,term,coefficient,abs_coefficient,ridge_alpha,feature_mean,feature_std
form_a,intercept,-1.0255800994045674e-16,1.0255800994045674e-16,,,
form_a,log_update_l2,0.10284439088479502,0.10284439088479502,,1.7562762023044465,0.6296896253909049
form_a,js_to_global,-0.23141392711338707,0.23141392711338707,,0.10389204405189059,0.06137239129252118
form_b,intercept,0.0,0.0,100.0,,
form_b,log_update_l2,0.04690965790495837,0.04690965790495837,100.0,1.7562762023044465,0.6296896253909049
form_b,js_to_global,-0.07468377369916912,0.07468377369916912,100.0,0.10389204405189059,0.06137239129252118
form_b,update_cosine_distance_to_mean,-0.01191288883367715,0.01191288883367715,100.0,0.1713374406436421,0.10745471690532812
form_b,normalized_entropy,0.035778085198657245,0.035778085198657245,100.0,0.777420395326653,0.22268256994878355
form_b,log_class_imbalance_ratio,-0.0626900688304372,0.0626900688304372,100.0,3.806954209693196,2.1589594422348592
