task,client_id,is_synthetic,num_samples,raw_class_counts,class_frequency,entropy,normalized_entropy,class_imbalance_ratio,kl_to_global,js_to_global,zero_class_count
CIFAR-CNN,0,False,22198,"[1086, 2336, 1300, 4628, 927, 4441, 3990, 1592, 1587, 311]","[0.048923326425804124, 0.105234705829354, 0.058563834579691866, 0.20848725110370303, 0.04176051896567258, 0.200063068744932, 0.17974592305613118, 0.07171817280836111, 0.07149292729074691, 0.014010271195603207]",2.0780482920403203,0.9024849063615883,14.881028938906752,0.2245368009487891,0.058046869581487616,0
CIFAR-CNN,1,False,16849,"[3865, 323, 749, 205, 3897, 70, 713, 3172, 3410, 445]","[0.2293904682770491, 0.01917027716778444, 0.044453676776069796, 0.012166894177696006, 0.2312896907828358, 0.004154549231408392, 0.042317051457059766, 0.188260430886106, 0.20238589827289452, 0.026411062971096206]",1.8345132753398292,0.7967189924583488,55.67142857142857,0.4680718176426005,0.12705310454536417,0
CIFAR-CNN,2,False,10953,"[49, 2341, 2951, 167, 176, 489, 297, 236, 3, 4244]","[0.0044736601844243586, 0.21373139779055966, 0.2694239021272711, 0.015246964302017711, 0.0160686569889528, 0.04464530265680636, 0.027115858668857847, 0.021546608235186705, 0.0002738975623116954, 0.3874737514836118]",1.5264242078421622,0.6629176105093935,1414.6666666666667,0.7761608851308641,0.20134880975917196,0
Fashion-MLP,0,False,26912,"[5477, 3353, 2062, 2018, 2091, 228, 1346, 3297, 5283, 1757]","[0.2035151605231867, 0.12459126040428062, 0.07662009512485136, 0.07498513674197384, 0.07769768133174793, 0.00847205707491082, 0.05001486325802616, 0.12251040428061831, 0.19630648038049942, 0.06528686087990487]",2.1182970154637966,0.9199647048480543,24.021929824561404,0.18428807752581988,0.049402010772776075,0
Fashion-MLP,1,False,12593,"[522, 2084, 637, 125, 3468, 4389, 1075, 7, 240, 46]","[0.04145160009529104, 0.16548876359882475, 0.05058365758754864, 0.00992614944810609, 0.27539109028825537, 0.34852695942190104, 0.08536488525371239, 0.0005558643690939411, 0.019058206940363694, 0.0036528229969030415]",1.659078199563213,0.7205285071162855,627.0,0.6435068934129723,0.17016000632509504,0
Fashion-MLP,2,False,20495,"[1, 563, 3301, 3857, 441, 1383, 3579, 2696, 477, 4197]","[4.879238838741156e-05, 0.02747011466211271, 0.16106367406684557, 0.1881922420102464, 0.0215174432788485, 0.06747987313979019, 0.174627958038546, 0.13154427909246158, 0.023273969260795314, 0.20478165406196633]",1.9560185297006325,0.8494880539494967,4197.0,0.3465665632803,0.09948584100587984,0
AGNews-LSTM,0,False,65978,"[9558, 5634, 26541, 24245]","[0.14486647064172906, 0.08539210039710206, 0.40227045378762616, 0.3674709751735427]",1.2241801668943282,0.8830593279665354,4.710862619808307,0.1621141942241548,0.04277159169548349,0
AGNews-LSTM,1,False,11910,"[3691, 7022, 979, 218]","[0.3099076406381192, 0.5895885810243493, 0.0821998320738875, 0.018303946263643997]",0.9531605557535622,0.6875600034783163,32.211009174311926,0.433133805361942,0.1187267173297939,0
AGNews-LSTM,2,False,42112,"[16751, 17344, 2480, 5537]","[0.39777260638297873, 0.41185410334346506, 0.05889057750759878, 0.13148271276595744]",1.1655917042872506,0.8407966857382658,6.993548387096774,0.2207026568306324,0.05967046861179902,0
Tabular-MLP,0,False,102,"[77, 25]","[0.7549019607843137, 0.24509803921568626]",0.5568854299074213,0.8034158480707552,3.08,0.10220986022607736,0.026528802706868526,0
Tabular-MLP,1,False,11,"[0, 11]","[0.0, 1.0]",-0.0,-0.0,1.5,0.7675797753137856,0.23590539792666781,1
Tabular-MLP,2,False,124,"[50, 74]","[0.4032258064516129, 0.5967741935483871]",0.6742979594073284,0.9728063221185003,1.48,0.03533555760210966,0.008855897717476979,0
Audio-1DCNN,0,False,21586,"[169, 1473, 305, 7, 566, 215, 994, 128, 86, 98, 765, 198, 0, 3, 422, 1054, 217, 1456, 213, 41, 680, 856, 822, 2556, 1364, 1202, 723, 626, 27, 0, 113, 571, 1508, 1043, 1085]","[0.007829148522190308, 0.06823867321412026, 0.014129528398035765, 0.0003242842583155749, 0.026220698600945058, 0.0099601593625498, 0.04604836468081164, 0.005929769294913369, 0.00398406374501992, 0.004539979616418049, 0.03543963680163069, 0.009172611878069118, 0.0, 0.0001389789678495321, 0.019549708144167517, 0.04882794403780228, 0.010052812007782823, 0.06745112572963959, 0.009867506717316779, 0.0018993792272769387, 0.031501899379227274, 0.03965533215973316, 0.0380802371907718, 0.11841008060780135, 0.0631891040489206, 0.055684239785045865, 0.03349393125173724, 0.029000277957935697, 0.001250810710645789, 0.0, 0.00523487445566571, 0.02645233021402761, 0.06986009450569813, 0.04831835448902066, 0.050264060038914114]",3.096910037690136,0.8710567809759735,900.6857142857143,0.42219306224162667,0.11344150532160521,2
Audio-1DCNN,1,False,30739,"[936, 101, 1380, 1514, 292, 2549, 909, 1794, 610, 931, 1473, 431, 191, 2, 564, 192, 1253, 1464, 2616, 307, 2385, 701, 586, 208, 5, 170, 1765, 242, 83, 25, 2775, 566, 178, 411, 1130]","[0.030449917043495235, 0.0032857282279839944, 0.044894108461563484, 0.04925339145710661, 0.009499333094765607, 0.08292397280327922, 0.02957155405185595, 0.058362341000032535, 0.019844497218517193, 0.0302872572302287, 0.047919580988321026, 0.014021275903575263, 0.006213604866781613, 6.506392530661374e-05, 0.018348026936465076, 0.006246136829434919, 0.04076254920459351, 0.047626793324441266, 0.08510361430105078, 0.00998731253456521, 0.0775887309281369, 0.022804905819968118, 0.019063730114837828, 0.00676664823188783, 0.00016265981326653436, 0.005530433651062169, 0.05741891408308663, 0.007872734962100263, 0.0027001529002244704, 0.0008132990663326719, 0.09027619636292658, 0.018413090861771692, 0.0057906893522886235, 0.013370636650509126, 0.036761117798236764]",3.1384684549942694,0.8827457679852295,1387.5,0.3741589604094003,0.10207021240024036,0
Audio-1DCNN,2,False,32518,"[241, 20, 12, 136, 853, 370, 1130, 1318, 579, 227, 717, 2477, 1441, 1722, 300, 1791, 240, 250, 301, 2622, 21, 1583, 1611, 441, 237, 1716, 623, 2098, 1297, 3086, 60, 151, 38, 1774, 1035]","[0.007411279906513316, 0.0006150439756442585, 0.00036902638538655513, 0.004182299034380959, 0.02623162556122763, 0.011378313549418784, 0.03474998462390061, 0.04053139799495664, 0.017805523094901285, 0.0069807491235623345, 0.022049326526846668, 0.07617319638354142, 0.044313918445168826, 0.05295528630297066, 0.009225659634663878, 0.05507718801894335, 0.0073805277077311025, 0.007688049695553232, 0.00925641183344609, 0.0806322652069623, 0.0006457961744264714, 0.048680730672243065, 0.049541792238145026, 0.013561719662955902, 0.007288271111384464, 0.052770773110277384, 0.019158619841318655, 0.06451811304508272, 0.03988560182053017, 0.0949012854419091, 0.0018451319269327756, 0.004643582016114152, 0.0011685835537240913, 0.054554400639645735, 0.03182852573959038]",3.130689543228474,0.8805578213675539,257.1666666666667,0.34219544065655116,0.093996279682031,0
