task,round,client_id,is_synthetic,partition_strategy,partition_alpha,partition_seed,hardware_batch_size,train_samples_seen,partition_samples,adaptive_rank,local_loss,quality_score,entropy,normalized_entropy,class_imbalance_ratio,kl_to_global,js_to_global,zero_class_count,update_cosine_distance_to_mean,update_l2_distance_to_mean,update_norm,full_accuracy,loo_accuracy,delta_accuracy
CIFAR-CNN,1,0,False,dirichlet,0.5,42,16,66594,22198,2,1.5214812517166139,0.3965922805569957,2.0780482920403203,0.9024849063615882,14.881028938906752,0.22453680094878906,0.05804686958148761,0,0.06397532595370059,29.671634685952842,45.35485749106399,23.44,21.44,2.0
CIFAR-CNN,1,1,False,dirichlet,0.5,42,64,50547,16849,2,1.4430205583572389,0.4093293429640356,1.8345132753398294,0.7967189924583488,55.67142857142857,0.4680718176426005,0.1270531045453642,0,0.49318790850376004,17.50956328873453,17.813316349681138,23.44,26.53,-3.09
CIFAR-CNN,1,2,False,dirichlet,0.5,42,256,32859,10953,8,1.4308297872543334,0.4113821565143474,1.5264242078421622,0.6629176105093934,1414.6666666666667,0.7761608851308641,0.201348809759172,0,0.8645174378397651,17.70280513620848,6.2087846618233975,23.44,21.22,2.2200000000000024
CIFAR-CNN,2,0,False,dirichlet,0.5,42,16,66594,22198,2,1.5394638061523436,0.3937839151624473,2.0780482920403203,0.9024849063615882,14.881028938906752,0.22453680094878906,0.05804686958148761,0,0.10909749347490116,27.533656119933514,45.46761100624041,30.09,29.16,0.9299999999999997
CIFAR-CNN,2,1,False,dirichlet,0.5,42,64,50547,16849,2,1.2758289575576782,0.4394003322082504,1.8345132753398294,0.7967189924583488,55.67142857142857,0.4680718176426005,0.1270531045453642,0,0.2904952675001461,19.77874733441793,27.832839907589726,30.09,29.25,0.8399999999999999
CIFAR-CNN,2,2,False,dirichlet,0.5,42,256,32859,10953,8,1.013100230693817,0.49674625473335177,1.5264242078421622,0.6629176105093934,1414.6666666666667,0.7761608851308641,0.201348809759172,0,0.43537388404210287,18.421393364371617,11.750332795012008,30.09,27.01,3.0799999999999983
CIFAR-CNN,3,0,False,dirichlet,0.5,42,16,66594,22198,2,1.626481366157532,0.3807375193614915,2.0780482920403203,0.9024849063615882,14.881028938906752,0.22453680094878906,0.05804686958148761,0,0.1610933321231004,27.7336257411369,40.48425990162782,31.02,30.71,0.3099999999999987
CIFAR-CNN,3,1,False,dirichlet,0.5,42,64,50547,16849,2,1.2096805572509766,0.4525541018671413,1.8345132753398294,0.7967189924583488,55.67142857142857,0.4680718176426005,0.1270531045453642,0,0.4272355077710054,21.197641142148647,25.692587483190735,31.02,30.55,0.46999999999999886
CIFAR-CNN,3,2,False,dirichlet,0.5,42,256,32859,10953,8,0.948268127441406,0.5132763739831159,1.5264242078421622,0.6629176105093934,1414.6666666666667,0.7761608851308641,0.201348809759172,0,0.698739763164721,16.75206166889197,8.913128456785165,31.02,29.46,1.5599999999999987
CIFAR-CNN,4,0,False,dirichlet,0.5,42,16,66594,22198,2,1.3844164609909058,0.4193898240345247,2.0780482920403203,0.9024849063615882,14.881028938906752,0.22453680094878906,0.05804686958148761,0,0.1998615566866544,27.078208974312325,37.34691986100251,33.2,33.59,-0.39000000000000057
CIFAR-CNN,4,1,False,dirichlet,0.5,42,64,50547,16849,2,1.1293618321418761,0.4696242718853108,1.8345132753398294,0.7967189924583488,55.67142857142857,0.4680718176426005,0.1270531045453642,0,0.4976798792798861,21.515731710742013,24.747716931038802,33.2,28.54,4.660000000000004
CIFAR-CNN,4,2,False,dirichlet,0.5,42,256,32859,10953,8,0.912212610244751,0.5229544009083835,1.5264242078421622,0.6629176105093934,1414.6666666666667,0.7761608851308641,0.201348809759172,0,0.7981404687448137,15.366294931511797,8.408474701960607,33.2,32.74,0.46000000000000085
CIFAR-CNN,5,0,False,dirichlet,0.5,42,16,66594,22198,2,1.1561024188995361,0.4637998599854987,2.0780482920403203,0.9024849063615882,14.881028938906752,0.22453680094878906,0.05804686958148761,0,0.2359116269585112,26.617237620256905,35.388270730128326,32.92,32.8,0.12000000000000455
CIFAR-CNN,5,1,False,dirichlet,0.5,42,64,50547,16849,2,1.262668561935425,0.4419560234419076,1.8345132753398294,0.7967189924583488,55.67142857142857,0.4680718176426005,0.1270531045453642,0,0.5297656621980991,21.809546744869586,24.63049798124275,32.92,30.25,2.6700000000000017
CIFAR-CNN,5,2,False,dirichlet,0.5,42,256,32859,10953,8,0.9536351919174193,0.5118662911771863,1.5264242078421622,0.6629176105093934,1414.6666666666667,0.7761608851308641,0.201348809759172,0,0.834818582844903,14.693953734594421,8.720855145340531,32.92,31.3,1.620000000000001
Fashion-MLP,1,0,False,dirichlet,0.5,42,16,80736,26912,2,0.5195874094963073,0.6580733650139065,2.1182970154637966,0.919964704848054,24.021929824561404,0.18428807752581988,0.04940201077277608,0,0.15480876504457408,15.038751502512497,22.291548571982684,50.21,33.31,16.9
Fashion-MLP,1,1,False,dirichlet,0.5,42,64,37779,12593,2,0.657456982135773,0.6033339089811042,1.6590781995632133,0.7205285071162855,627.0,0.6435068934129723,0.17016000632509504,0,0.5662314798219148,10.131098324878348,9.371169898215838,50.21,51.43,-1.2199999999999989
Fashion-MLP,1,2,False,dirichlet,0.5,42,256,61485,20495,8,0.7320934772491454,0.5773360463132553,1.9560185297006325,0.8494880539494966,4197.0,0.3465665632803,0.09948584100587984,0,0.4820996143846378,10.66879724378298,11.749170454132756,50.21,59.49,-9.280000000000001
Fashion-MLP,2,0,False,dirichlet,0.5,42,16,80736,26912,2,0.5960806012153625,0.6265347747717334,2.1182970154637966,0.919964704848054,24.021929824561404,0.18428807752581988,0.04940201077277608,0,0.1244634428632625,9.893971798155317,16.36577568599211,65.48,54.16,11.320000000000007
Fashion-MLP,2,1,False,dirichlet,0.5,42,64,37779,12593,2,0.4989301323890687,0.6671425027703931,1.6590781995632133,0.7205285071162855,627.0,0.6435068934129723,0.17016000632509504,0,0.31840842170320616,7.7295590994838435,10.417169745666449,65.48,58.78,6.700000000000003
Fashion-MLP,2,2,False,dirichlet,0.5,42,256,61485,20495,8,0.4852980136871339,0.673265560705612,1.9560185297006325,0.8494880539494966,4197.0,0.3465665632803,0.09948584100587984,0,0.5435994845440939,8.617230089784828,8.142457393995448,65.48,57.89,7.590000000000003
Fashion-MLP,3,0,False,dirichlet,0.5,42,16,80736,26912,2,0.8242633521556852,0.5481664688480014,2.1182970154637966,0.919964704848054,24.021929824561404,0.18428807752581988,0.04940201077277608,0,0.1765060327512591,8.84589648389627,12.88075022730159,67.82,59.12,8.699999999999996
Fashion-MLP,3,1,False,dirichlet,0.5,42,64,37779,12593,2,0.5253944933414458,0.6555681198307296,1.6590781995632133,0.7205285071162855,627.0,0.6435068934129723,0.17016000632509504,0,0.43914142462409833,7.423354207572026,8.935988282827553,67.82,63.2,4.61999999999999
Fashion-MLP,3,2,False,dirichlet,0.5,42,256,61485,20495,8,0.44158459305763254,0.6936811095344589,1.9560185297006325,0.8494880539494966,4197.0,0.3465665632803,0.09948584100587984,0,0.8148237032628003,7.936759343066629,6.738983157854812,67.82,59.35,8.469999999999992
Fashion-MLP,4,0,False,dirichlet,0.5,42,16,80736,26912,2,0.47071514725685115,0.67994132097244,2.1182970154637966,0.919964704848054,24.021929824561404,0.18428807752581988,0.04940201077277608,0,0.2144630056669864,8.664934225617824,11.981950478808368,69.02,58.29,10.729999999999997
Fashion-MLP,4,1,False,dirichlet,0.5,42,64,37779,12593,2,0.4024387955665589,0.713043594601944,1.6590781995632133,0.7205285071162855,627.0,0.6435068934129723,0.17016000632509504,0,0.45499499737259375,7.503446977624522,8.949164486701799,69.02,62.62,6.399999999999999
Fashion-MLP,4,2,False,dirichlet,0.5,42,256,61485,20495,8,0.4584654211997985,0.6856521830852566,1.9560185297006325,0.8494880539494966,4197.0,0.3465665632803,0.09948584100587984,0,0.9262412217027558,8.035678112834079,6.720774781748201,69.02,62.17,6.849999999999994
Fashion-MLP,5,0,False,dirichlet,0.5,42,16,80736,26912,2,0.6719563156366346,0.5981017510132899,2.1182970154637966,0.919964704848054,24.021929824561404,0.18428807752581988,0.04940201077277608,0,0.21876054635536812,9.089384117568272,12.410410026617702,70.46,58.56,11.899999999999991
Fashion-MLP,5,1,False,dirichlet,0.5,42,64,37779,12593,2,0.5554900944232941,0.6428841968104947,1.6590781995632133,0.7205285071162855,627.0,0.6435068934129723,0.17016000632509504,0,0.4817925926445713,7.745101983569492,9.051139767658993,70.46,65.53,4.929999999999993
Fashion-MLP,5,2,False,dirichlet,0.5,42,256,61485,20495,8,0.43448640108108516,0.6971136144939128,1.9560185297006325,0.8494880539494966,4197.0,0.3465665632803,0.09948584100587984,0,0.9345400534361725,8.057937936814056,6.6966469151222245,70.46,62.88,7.579999999999991
AGNews-LSTM,1,0,False,dirichlet,0.5,42,16,197934,65978,2,1.2918766498565675,0.4363236564509626,1.2241801668943282,0.8830593279665354,4.710862619808307,0.1621141942241548,0.0427715916954835,0,1.6156070213033444,6.334309878599585,4.482081943738252,25.0,25.0,0.0
AGNews-LSTM,1,1,False,dirichlet,0.5,42,64,35730,11910,2,0.9983718037605285,0.500407380707736,0.9531605557535622,0.6875600034783163,32.211009174311926,0.433133805361942,0.11872671732979391,0,0.08727803897067166,4.670057413630547,6.837880921539617,25.0,25.0,0.0
AGNews-LSTM,1,2,False,dirichlet,0.5,42,256,126336,42112,8,1.1388467311859132,0.46754168282340464,1.1655917042872508,0.8407966857382659,6.993548387096774,0.2207026568306324,0.059670468611799025,0,0.13809344331458573,2.806564206899882,4.658060855575109,25.0,25.0,0.0
AGNews-LSTM,2,0,False,dirichlet,0.5,42,16,197934,65978,2,1.2484729766845701,0.4447462835308455,1.2241801668943282,0.8830593279665354,4.710862619808307,0.1621141942241548,0.0427715916954835,0,1.3906964636239754,6.283174370385056,5.065996677201906,25.263157894736842,25.05263157894737,0.21052631578947256
AGNews-LSTM,2,1,False,dirichlet,0.5,42,64,35730,11910,2,0.9454728484153747,0.5140138557135451,0.9531605557535622,0.6875600034783163,32.211009174311926,0.433133805361942,0.11872671732979391,0,0.12261118375157021,4.1935450398714575,6.012547472270488,25.263157894736842,25.0,0.2631578947368425
AGNews-LSTM,2,2,False,dirichlet,0.5,42,256,126336,42112,8,1.185511517524719,0.4575587874881513,1.1655917042872508,0.8407966857382659,6.993548387096774,0.2207026568306324,0.059670468611799025,0,0.2074335707431707,2.8635761710388996,4.288277290542305,25.263157894736842,25.0,0.2631578947368425
AGNews-LSTM,3,0,False,dirichlet,0.5,42,16,197934,65978,2,1.2997434377670287,0.4348311135832462,1.2241801668943282,0.8830593279665354,4.710862619808307,0.1621141942241548,0.0427715916954835,0,1.4643324035418215,6.075831110486249,4.591169443548861,25.223684210526315,25.17105263157895,0.052631578947366364
AGNews-LSTM,3,1,False,dirichlet,0.5,42,64,35730,11910,2,0.9447263240814212,0.5142111708043771,0.9531605557535622,0.6875600034783163,32.211009174311926,0.433133805361942,0.11872671732979391,0,0.0955862181753212,4.093459037458044,6.120217138010429,25.223684210526315,25.06578947368421,0.1578947368421062
AGNews-LSTM,3,2,False,dirichlet,0.5,42,256,126336,42112,8,1.1685642004013062,0.4611346068587427,1.1655917042872508,0.8407966857382659,6.993548387096774,0.2207026568306324,0.059670468611799025,0,0.15771349770862464,2.7566596034389863,4.446139125729999,25.223684210526315,25.17105263157895,0.052631578947366364
AGNews-LSTM,4,0,False,dirichlet,0.5,42,16,197934,65978,2,1.2477152824401854,0.4448962054101313,1.2241801668943282,0.8830593279665354,4.710862619808307,0.1621141942241548,0.0427715916954835,0,1.5108642463425068,6.173020046673497,4.810270257420907,25.394736842105264,25.276315789473685,0.11842105263157876
AGNews-LSTM,4,1,False,dirichlet,0.5,42,64,35730,11910,2,0.9969614744186401,0.5007607872310718,0.9531605557535622,0.6875600034783163,32.211009174311926,0.433133805361942,0.11872671732979391,0,0.10709115276312686,4.190157256667526,5.977577255649053,25.394736842105264,25.026315789473685,0.36842105263157876
AGNews-LSTM,4,2,False,dirichlet,0.5,42,256,126336,42112,8,1.1678266525268555,0.4612914961786188,1.1655917042872508,0.8407966857382659,6.993548387096774,0.2207026568306324,0.059670468611799025,0,0.18866871612773017,2.869211467409262,4.310885848464332,25.394736842105264,25.5,-0.10526315789473628
AGNews-LSTM,5,0,False,dirichlet,0.5,42,16,197934,65978,2,1.2183232307434082,0.45079093350380606,1.2241801668943282,0.8830593279665354,4.710862619808307,0.1621141942241548,0.0427715916954835,0,1.4497693163218777,6.230993735161319,4.821870410818289,25.460526315789473,25.276315789473685,0.1842105263157876
AGNews-LSTM,5,1,False,dirichlet,0.5,42,64,35730,11910,2,0.912087893486023,0.5229885108350589,0.9531605557535622,0.6875600034783163,32.211009174311926,0.433133805361942,0.11872671732979391,0,0.10141976305308165,4.233102722367413,6.204943746348488,25.460526315789473,25.105263157894736,0.3552631578947363
AGNews-LSTM,5,2,False,dirichlet,0.5,42,256,126336,42112,8,1.1324180126190186,0.4689512066031594,1.1655917042872508,0.8407966857382659,6.993548387096774,0.2207026568306324,0.059670468611799025,0,0.19760439368515115,2.9575286393086544,4.481966319699299,25.460526315789473,25.526315789473685,-0.0657894736842124
Tabular-MLP,1,0,False,dirichlet,0.5,42,16,306,102,2,0.6930967211723327,0.590633711290623,0.5568854299074213,0.8034158480707552,3.08,0.10220986022607734,0.026528802706868533,0,0.11524770852513355,0.08334715566125038,0.1582507925151551,55.0,46.666666666666664,8.333333333333336
Tabular-MLP,1,1,False,dirichlet,0.5,42,64,33,11,2,0.6931459903717041,0.590616524320189,-0.0,-0.0,1.5,0.7675797753137856,0.23590539792666781,1,0.10409972581017946,0.048397920640606856,0.10858544710127274,55.0,55.0,0.0
Tabular-MLP,1,2,False,dirichlet,0.5,42,256,372,124,8,0.6931448578834534,0.5906169193639275,0.6742979594073284,0.9728063221185003,1.48,0.03533555760210966,0.008855897717476979,0,0.2221639477756705,0.06392791158262558,0.0852149528815888,55.0,55.0,0.0
Tabular-MLP,2,0,False,dirichlet,0.5,42,16,306,102,2,0.6929548144340516,0.5906832193476447,0.5568854299074213,0.8034158480707552,3.08,0.10220986022607734,0.026528802706868533,0,0.039430153065446394,0.1342222110759887,0.19693703723722247,55.0,81.66666666666667,-26.66666666666667
Tabular-MLP,2,1,False,dirichlet,0.5,42,64,33,11,2,0.6931536197662354,0.5906138629866702,-0.0,-0.0,1.5,0.7675797753137856,0.23590539792666781,1,0.8570028851638021,0.07467731730953374,0.04457583973827359,55.0,55.0,0.0
Tabular-MLP,2,2,False,dirichlet,0.5,42,256,372,124,8,0.6931397318840027,0.5906187074632481,0.6742979594073284,0.9728063221185003,1.48,0.03533555760210966,0.008855897717476979,0,0.8566612754825162,0.06910542726705769,0.030230734226174515,55.0,55.0,0.0
Tabular-MLP,3,0,False,dirichlet,0.5,42,16,306,102,2,0.6924867153167724,0.5908465874208272,0.5568854299074213,0.8034158480707552,3.08,0.10220986022607734,0.026528802706868533,0,0.020689175433045937,0.18045585564101765,0.2645522414289398,55.0,61.666666666666664,-6.666666666666664
Tabular-MLP,3,1,False,dirichlet,0.5,42,64,33,11,2,0.6931807398796082,0.5906044029718316,-0.0,-0.0,1.5,0.7675797753137856,0.23590539792666781,1,1.3191409362146826,0.10486684607311214,0.0374188977831905,55.0,55.0,0.0
Tabular-MLP,3,2,False,dirichlet,0.5,42,256,372,124,8,0.693122148513794,0.5906248411420228,0.6742979594073284,0.9728063221185003,1.48,0.03533555760210966,0.008855897717476979,0,0.6217442973945562,0.08032261508193358,0.03464295032410246,55.0,55.0,0.0
Tabular-MLP,4,0,False,dirichlet,0.5,42,16,306,102,2,0.6909486055374148,0.5913840294881,0.5568854299074213,0.8034158480707552,3.08,0.10220986022607734,0.026528802706868533,0,0.014646945405454082,0.23932369485408736,0.35392083232309435,55.0,61.666666666666664,-6.666666666666664
Tabular-MLP,4,1,False,dirichlet,0.5,42,64,33,11,2,0.6932504177093508,0.590580099400071,-0.0,-0.0,1.5,0.7675797753137856,0.23590539792666781,1,1.540775304991371,0.14467099463416194,0.042570446055461335,55.0,55.0,0.0
Tabular-MLP,4,2,False,dirichlet,0.5,42,256,372,124,8,0.6930427551269531,0.5906525378474655,0.6742979594073284,0.9728063221185003,1.48,0.03533555760210966,0.008855897717476979,0,0.420060335787501,0.09830444502086735,0.0443644853190529,55.0,55.0,0.0
Tabular-MLP,5,0,False,dirichlet,0.5,42,16,306,102,2,0.6865394830703735,0.5929300855616396,0.5568854299074213,0.8034158480707552,3.08,0.10220986022607734,0.026528802706868533,0,0.010850856103991391,0.3034081750508038,0.45323818307492936,58.333333333333336,60.0,-1.6666666666666643
Tabular-MLP,5,1,False,dirichlet,0.5,42,64,33,11,2,0.6934641003608704,0.5905055795318626,-0.0,-0.0,1.5,0.7675797753137856,0.23590539792666781,1,1.6268840628460117,0.1884450078308822,0.05090964966851306,58.333333333333336,58.333333333333336,0.0
Tabular-MLP,5,2,False,dirichlet,0.5,42,256,372,124,8,0.6927562952041628,0.5907524921532726,0.6742979594073284,0.9728063221185003,1.48,0.03533555760210966,0.008855897717476979,0,0.27817457757467645,0.11834660469752088,0.056137034388571566,58.333333333333336,56.666666666666664,1.6666666666666714
Audio-1DCNN,1,0,False,dirichlet,0.5,42,16,64758,21586,2,3.1305920600891115,0.24209604469593313,3.096910037690136,0.8710567809759735,900.6857142857143,0.4221930622416267,0.11344150532160524,2,0.3184866303031868,5.790723857335032,7.865910265604769,3.8473098887886987,3.676986273920449,0.17032361486824987
Audio-1DCNN,1,1,False,dirichlet,0.5,42,64,92217,30739,2,3.1631875991821286,0.2402005617513977,3.1384684549942694,0.8827457679852295,1387.5,0.3741589604094003,0.10207021240024038,0,0.392322021807438,5.662584040573358,7.111452309783185,3.8473098887886987,3.5267007313896404,0.3206091573990584
Audio-1DCNN,1,2,False,dirichlet,0.5,42,256,97554,32518,8,3.1324113368988034,0.24198946292467993,3.130689543228474,0.8805578213675539,257.1666666666667,0.34219544065655116,0.093996279682031,0,0.37123148014845386,5.580689345878897,7.171232855040664,3.8473098887886987,3.6369101292455666,0.21039975954313217
Audio-1DCNN,2,0,False,dirichlet,0.5,42,16,64758,21586,2,3.1699095249176024,0.23981335662666686,3.096910037690136,0.8710567809759735,900.6857142857143,0.4221930622416267,0.11344150532160524,2,0.3283796305648816,6.086496778318677,8.111170559234543,3.8473098887886987,3.676986273920449,0.17032361486824987
Audio-1DCNN,2,1,False,dirichlet,0.5,42,64,92217,30739,2,3.1947811126708983,0.2383914614708658,3.1384684549942694,0.8827457679852295,1387.5,0.3741589604094003,0.10207021240024038,0,0.3928311082179925,6.990741880591982,8.737061589864908,3.8473098887886987,3.787195671776375,0.06011421701232367
Audio-1DCNN,2,2,False,dirichlet,0.5,42,256,97554,32518,8,3.1475186347961426,0.24110801856569636,3.130689543228474,0.8805578213675539,257.1666666666667,0.34219544065655116,0.093996279682031,0,0.6008937457080139,6.445828322745922,6.754426477161308,3.8473098887886987,3.5667768760645227,0.2805330127241761
Audio-1DCNN,3,0,False,dirichlet,0.5,42,16,64758,21586,2,2.9850767612457276,0.25093619518822063,3.096910037690136,0.8710567809759735,900.6857142857143,0.4221930622416267,0.11344150532160524,2,0.2989220781232882,6.875076391178678,9.109705117409518,3.8473098887886987,3.676986273920449,0.17032361486824987
Audio-1DCNN,3,1,False,dirichlet,0.5,42,64,92217,30739,2,3.151548290252686,0.24087398967461715,3.1384684549942694,0.8827457679852295,1387.5,0.3741589604094003,0.10207021240024038,0,0.5200322580625556,6.973833224790307,7.940746242883813,3.8473098887886987,3.787195671776375,0.06011421701232367
Audio-1DCNN,3,2,False,dirichlet,0.5,42,256,97554,32518,8,3.1298907756805416,0.2421371543016693,3.130689543228474,0.8805578213675539,257.1666666666667,0.34219544065655116,0.093996279682031,0,0.6661066694633584,6.5238900670632,6.6121175219272414,3.8473098887886987,3.5667768760645227,0.2805330127241761
Audio-1DCNN,4,0,False,dirichlet,0.5,42,16,64758,21586,2,3.20796308517456,0.23764467029741462,3.096910037690136,0.8710567809759735,900.6857142857143,0.4221930622416267,0.11344150532160524,2,0.2787613507049559,6.865733965207244,9.251488102640248,3.8473098887886987,3.676986273920449,0.17032361486824987
Audio-1DCNN,4,1,False,dirichlet,0.5,42,64,92217,30739,2,3.1768685340881344,0.2394138076979991,3.1384684549942694,0.8827457679852295,1387.5,0.3741589604094003,0.10207021240024038,0,0.48636932904833796,7.63565138761361,8.889493381026057,3.8473098887886987,3.787195671776375,0.06011421701232367
Audio-1DCNN,4,2,False,dirichlet,0.5,42,256,97554,32518,8,3.127899312973023,0.24225397088955966,3.130689543228474,0.8805578213675539,257.1666666666667,0.34219544065655116,0.093996279682031,0,0.7685595389515529,6.478294891468977,5.994471155695886,3.8473098887886987,3.5667768760645227,0.2805330127241761
Audio-1DCNN,5,0,False,dirichlet,0.5,42,16,64758,21586,2,3.021620273590088,0.24865599732699356,3.096910037690136,0.8710567809759735,900.6857142857143,0.4221930622416267,0.11344150532160524,2,0.2534090387893567,8.320440298686343,11.307394051818632,3.8473098887886987,3.676986273920449,0.17032361486824987
Audio-1DCNN,5,1,False,dirichlet,0.5,42,64,92217,30739,2,3.192292785644531,0.23853295824763301,3.1384684549942694,0.8827457679852295,1387.5,0.3741589604094003,0.10207021240024038,0,0.5104722645851898,8.742151795825553,10.025515521441113,3.8473098887886987,3.787195671776375,0.06011421701232367
Audio-1DCNN,5,2,False,dirichlet,0.5,42,256,97554,32518,8,3.1586978912353514,0.24045988099004412,3.130689543228474,0.8805578213675539,257.1666666666667,0.34219544065655116,0.093996279682031,0,0.7883333514425019,7.028632193493624,6.191043160585916,3.8473098887886987,3.5667768760645227,0.2805330127241761
